CaseID,FileUUID,Stage,miRNA,RPM
0bc09e73-617a-527d-9770-8587d6897001,ddc7b13e-ed14-4e1b-a0ff-e881c8bb3da0,Normal,hsa-let-7a-1,2441.365886
0bc09e73-617a-527d-9770-8587d6897001,ddc7b13e-ed14-4e1b-a0ff-e881c8bb3da0,Normal,hsa-let-7a-2,2383.134822
0bc09e73-617a-527d-9770-8587d6897001,ddc7b13e-ed14-4e1b-a0ff-e881c8bb3da0,Normal,hsa-let-7a-3,2423.782388
0bc09e73-617a-527d-9770-8587d6897001,ddc7b13e-ed14-4e1b-a0ff-e881c8bb3da0,Normal,hsa-let-7b,1055.69493
0bc09e73-617a-527d-9770-8587d6897001,ddc7b13e-ed14-4e1b-a0ff-e881c8bb3da0,Normal,hsa-let-7c,25.347639
0bc09e73-617a-527d-9770-8587d6897001,ddc7b13e-ed14-4e1b-a0ff-e881c8bb3da0,Normal,hsa-let-7d,567.695781
0bc09e73-617a-527d-9770-8587d6897001,ddc7b13e-ed14-4e1b-a0ff-e881c8bb3da0,Normal,hsa-let-7e,1099.311138
0bc09e73-617a-527d-9770-8587d6897001,ddc7b13e-ed14-4e1b-a0ff-e881c8bb3da0,Normal,hsa-let-7f-1,2009.999301
0bc09e73-617a-527d-9770-8587d6897001,ddc7b13e-ed14-4e1b-a0ff-e881c8bb3da0,Normal,hsa-let-7f-2,1991.959089
0bc09e73-617a-527d-9770-8587d6897001,ddc7b13e-ed14-4e1b-a0ff-e881c8bb3da0,Normal,hsa-let-7g,279.509105
0bc09e73-617a-527d-9770-8587d6897001,ddc7b13e-ed14-4e1b-a0ff-e881c8bb3da0,Normal,hsa-let-7i,155.282836
22e5e9b7-e477-5379-b3af-e9e3c853a1ed,adce99ff-4792-4ba2-916c-066483daaa50,Normal,hsa-let-7a-1,3857.72096
22e5e9b7-e477-5379-b3af-e9e3c853a1ed,adce99ff-4792-4ba2-916c-066483daaa50,Normal,hsa-let-7a-2,3835.678542
22e5e9b7-e477-5379-b3af-e9e3c853a1ed,adce99ff-4792-4ba2-916c-066483daaa50,Normal,hsa-let-7a-3,3858.465636
22e5e9b7-e477-5379-b3af-e9e3c853a1ed,adce99ff-4792-4ba2-916c-066483daaa50,Normal,hsa-let-7b,5173.266062
22e5e9b7-e477-5379-b3af-e9e3c853a1ed,adce99ff-4792-4ba2-916c-066483daaa50,Normal,hsa-let-7c,314.849128
22e5e9b7-e477-5379-b3af-e9e3c853a1ed,adce99ff-4792-4ba2-916c-066483daaa50,Normal,hsa-let-7d,432.954785
22e5e9b7-e477-5379-b3af-e9e3c853a1ed,adce99ff-4792-4ba2-916c-066483daaa50,Normal,hsa-let-7e,1618.330475
22e5e9b7-e477-5379-b3af-e9e3c853a1ed,adce99ff-4792-4ba2-916c-066483daaa50,Normal,hsa-let-7f-1,2414.98515
22e5e9b7-e477-5379-b3af-e9e3c853a1ed,adce99ff-4792-4ba2-916c-066483daaa50,Normal,hsa-let-7f-2,2476.346475
22e5e9b7-e477-5379-b3af-e9e3c853a1ed,adce99ff-4792-4ba2-916c-066483daaa50,Normal,hsa-let-7g,347.317013
22e5e9b7-e477-5379-b3af-e9e3c853a1ed,adce99ff-4792-4ba2-916c-066483daaa50,Normal,hsa-let-7i,356.699934
32951728-1cf0-54ce-9a96-ebc5e0aeec3d,08844cb0-d38c-4030-a8d4-5f8bc8922c4d,Normal,hsa-let-7a-1,14078.262478
32951728-1cf0-54ce-9a96-ebc5e0aeec3d,08844cb0-d38c-4030-a8d4-5f8bc8922c4d,Normal,hsa-let-7a-2,14045.420693
32951728-1cf0-54ce-9a96-ebc5e0aeec3d,08844cb0-d38c-4030-a8d4-5f8bc8922c4d,Normal,hsa-let-7a-3,14166.430037
32951728-1cf0-54ce-9a96-ebc5e0aeec3d,08844cb0-d38c-4030-a8d4-5f8bc8922c4d,Normal,hsa-let-7b,3623.206712
32951728-1cf0-54ce-9a96-ebc5e0aeec3d,08844cb0-d38c-4030-a8d4-5f8bc8922c4d,Normal,hsa-let-7c,23089.037614
32951728-1cf0-54ce-9a96-ebc5e0aeec3d,08844cb0-d38c-4030-a8d4-5f8bc8922c4d,Normal,hsa-let-7d,459.027095
32951728-1cf0-54ce-9a96-ebc5e0aeec3d,08844cb0-d38c-4030-a8d4-5f8bc8922c4d,Normal,hsa-let-7e,3944.045683
32951728-1cf0-54ce-9a96-ebc5e0aeec3d,08844cb0-d38c-4030-a8d4-5f8bc8922c4d,Normal,hsa-let-7f-1,5038.434993
32951728-1cf0-54ce-9a96-ebc5e0aeec3d,08844cb0-d38c-4030-a8d4-5f8bc8922c4d,Normal,hsa-let-7f-2,5147.065511
32951728-1cf0-54ce-9a96-ebc5e0aeec3d,08844cb0-d38c-4030-a8d4-5f8bc8922c4d,Normal,hsa-let-7g,517.131791
32951728-1cf0-54ce-9a96-ebc5e0aeec3d,08844cb0-d38c-4030-a8d4-5f8bc8922c4d,Normal,hsa-let-7i,392.838268
3d496d60-a616-55b6-a6bf-6acf76b56fee,ddacf687-9c3d-4898-9340-4aa3d51af4e4,Normal,hsa-let-7a-1,942.398695
3d496d60-a616-55b6-a6bf-6acf76b56fee,ddacf687-9c3d-4898-9340-4aa3d51af4e4,Normal,hsa-let-7a-2,924.558064
3d496d60-a616-55b6-a6bf-6acf76b56fee,ddacf687-9c3d-4898-9340-4aa3d51af4e4,Normal,hsa-let-7a-3,917.269513
3d496d60-a616-55b6-a6bf-6acf76b56fee,ddacf687-9c3d-4898-9340-4aa3d51af4e4,Normal,hsa-let-7b,320.043514
3d496d60-a616-55b6-a6bf-6acf76b56fee,ddacf687-9c3d-4898-9340-4aa3d51af4e4,Normal,hsa-let-7c,20.669024
3d496d60-a616-55b6-a6bf-6acf76b56fee,ddacf687-9c3d-4898-9340-4aa3d51af4e4,Normal,hsa-let-7d,57.873266
3d496d60-a616-55b6-a6bf-6acf76b56fee,ddacf687-9c3d-4898-9340-4aa3d51af4e4,Normal,hsa-let-7e,1591.079685
3d496d60-a616-55b6-a6bf-6acf76b56fee,ddacf687-9c3d-4898-9340-4aa3d51af4e4,Normal,hsa-let-7f-1,375.958662
3d496d60-a616-55b6-a6bf-6acf76b56fee,ddacf687-9c3d-4898-9340-4aa3d51af4e4,Normal,hsa-let-7f-2,393.255371
3d496d60-a616-55b6-a6bf-6acf76b56fee,ddacf687-9c3d-4898-9340-4aa3d51af4e4,Normal,hsa-let-7g,83.002448
3d496d60-a616-55b6-a6bf-6acf76b56fee,ddacf687-9c3d-4898-9340-4aa3d51af4e4,Normal,hsa-let-7i,27.304868
49baff6a-e0b8-54ec-a169-d82f97912708,900a1eeb-6981-4394-b059-317bf17ed426,Normal,hsa-let-7a-1,3756.136279
49baff6a-e0b8-54ec-a169-d82f97912708,900a1eeb-6981-4394-b059-317bf17ed426,Normal,hsa-let-7a-2,3716.503852
49baff6a-e0b8-54ec-a169-d82f97912708,900a1eeb-6981-4394-b059-317bf17ed426,Normal,hsa-let-7a-3,3823.989462
49baff6a-e0b8-54ec-a169-d82f97912708,900a1eeb-6981-4394-b059-317bf17ed426,Normal,hsa-let-7b,1791.78665
49baff6a-e0b8-54ec-a169-d82f97912708,900a1eeb-6981-4394-b059-317bf17ed426,Normal,hsa-let-7c,2269.843162
49baff6a-e0b8-54ec-a169-d82f97912708,900a1eeb-6981-4394-b059-317bf17ed426,Normal,hsa-let-7d,55.362028
49baff6a-e0b8-54ec-a169-d82f97912708,900a1eeb-6981-4394-b059-317bf17ed426,Normal,hsa-let-7e,3029.181957
49baff6a-e0b8-54ec-a169-d82f97912708,900a1eeb-6981-4394-b059-317bf17ed426,Normal,hsa-let-7f-1,611.758124
49baff6a-e0b8-54ec-a169-d82f97912708,900a1eeb-6981-4394-b059-317bf17ed426,Normal,hsa-let-7f-2,617.618171
49baff6a-e0b8-54ec-a169-d82f97912708,900a1eeb-6981-4394-b059-317bf17ed426,Normal,hsa-let-7g,188.292581
49baff6a-e0b8-54ec-a169-d82f97912708,900a1eeb-6981-4394-b059-317bf17ed426,Normal,hsa-let-7i,102.396621
4dcdd89c-b2a7-594c-95d7-f0e17b7ba440,799922c5-383c-4dd9-9623-344eca6b1069,Normal,hsa-let-7a-1,6387.624056
4dcdd89c-b2a7-594c-95d7-f0e17b7ba440,799922c5-383c-4dd9-9623-344eca6b1069,Normal,hsa-let-7a-2,6479.947615
4dcdd89c-b2a7-594c-95d7-f0e17b7ba440,799922c5-383c-4dd9-9623-344eca6b1069,Normal,hsa-let-7a-3,6639.327231
4dcdd89c-b2a7-594c-95d7-f0e17b7ba440,799922c5-383c-4dd9-9623-344eca6b1069,Normal,hsa-let-7b,4794.410984
4dcdd89c-b2a7-594c-95d7-f0e17b7ba440,799922c5-383c-4dd9-9623-344eca6b1069,Normal,hsa-let-7c,1643.553707
4dcdd89c-b2a7-594c-95d7-f0e17b7ba440,799922c5-383c-4dd9-9623-344eca6b1069,Normal,hsa-let-7d,530.617505
4dcdd89c-b2a7-594c-95d7-f0e17b7ba440,799922c5-383c-4dd9-9623-344eca6b1069,Normal,hsa-let-7e,3302.462279
4dcdd89c-b2a7-594c-95d7-f0e17b7ba440,799922c5-383c-4dd9-9623-344eca6b1069,Normal,hsa-let-7f-1,2548.518945
4dcdd89c-b2a7-594c-95d7-f0e17b7ba440,799922c5-383c-4dd9-9623-344eca6b1069,Normal,hsa-let-7f-2,2573.980811
4dcdd89c-b2a7-594c-95d7-f0e17b7ba440,799922c5-383c-4dd9-9623-344eca6b1069,Normal,hsa-let-7g,243.345464
4dcdd89c-b2a7-594c-95d7-f0e17b7ba440,799922c5-383c-4dd9-9623-344eca6b1069,Normal,hsa-let-7i,165.016213
51e9a1e0-1ec3-506f-a9a6-8ec0845d8e90,d37f4414-0db7-4aef-8eac-732575ceb26b,Normal,hsa-let-7a-1,4964.529669
51e9a1e0-1ec3-506f-a9a6-8ec0845d8e90,d37f4414-0db7-4aef-8eac-732575ceb26b,Normal,hsa-let-7a-2,4949.118845
51e9a1e0-1ec3-506f-a9a6-8ec0845d8e90,d37f4414-0db7-4aef-8eac-732575ceb26b,Normal,hsa-let-7a-3,4995.201698
51e9a1e0-1ec3-506f-a9a6-8ec0845d8e90,d37f4414-0db7-4aef-8eac-732575ceb26b,Normal,hsa-let-7b,4208.501568
51e9a1e0-1ec3-506f-a9a6-8ec0845d8e90,d37f4414-0db7-4aef-8eac-732575ceb26b,Normal,hsa-let-7c,660.271524
51e9a1e0-1ec3-506f-a9a6-8ec0845d8e90,d37f4414-0db7-4aef-8eac-732575ceb26b,Normal,hsa-let-7d,460.230049
51e9a1e0-1ec3-506f-a9a6-8ec0845d8e90,d37f4414-0db7-4aef-8eac-732575ceb26b,Normal,hsa-let-7e,2323.892433
51e9a1e0-1ec3-506f-a9a6-8ec0845d8e90,d37f4414-0db7-4aef-8eac-732575ceb26b,Normal,hsa-let-7f-1,3041.617903
51e9a1e0-1ec3-506f-a9a6-8ec0845d8e90,d37f4414-0db7-4aef-8eac-732575ceb26b,Normal,hsa-let-7f-2,3114.333054
51e9a1e0-1ec3-506f-a9a6-8ec0845d8e90,d37f4414-0db7-4aef-8eac-732575ceb26b,Normal,hsa-let-7g,349.062648
51e9a1e0-1ec3-506f-a9a6-8ec0845d8e90,d37f4414-0db7-4aef-8eac-732575ceb26b,Normal,hsa-let-7i,242.533456
53f97589-3897-59d9-bb10-55bad19490f4,1e921f63-a99e-4ca4-833f-5017a274ac2a,Normal,hsa-let-7a-1,9294.959
53f97589-3897-59d9-bb10-55bad19490f4,1e921f63-a99e-4ca4-833f-5017a274ac2a,Normal,hsa-let-7a-2,9317.456055
53f97589-3897-59d9-bb10-55bad19490f4,1e921f63-a99e-4ca4-833f-5017a274ac2a,Normal,hsa-let-7a-3,9312.667078
53f97589-3897-59d9-bb10-55bad19490f4,1e921f63-a99e-4ca4-833f-5017a274ac2a,Normal,hsa-let-7b,10522.496331
53f97589-3897-59d9-bb10-55bad19490f4,1e921f63-a99e-4ca4-833f-5017a274ac2a,Normal,hsa-let-7c,6854.139898
53f97589-3897-59d9-bb10-55bad19490f4,1e921f63-a99e-4ca4-833f-5017a274ac2a,Normal,hsa-let-7d,774.811941
53f97589-3897-59d9-bb10-55bad19490f4,1e921f63-a99e-4ca4-833f-5017a274ac2a,Normal,hsa-let-7e,1083.97939
53f97589-3897-59d9-bb10-55bad19490f4,1e921f63-a99e-4ca4-833f-5017a274ac2a,Normal,hsa-let-7f-1,3863.81352
53f97589-3897-59d9-bb10-55bad19490f4,1e921f63-a99e-4ca4-833f-5017a274ac2a,Normal,hsa-let-7f-2,3934.534461
53f97589-3897-59d9-bb10-55bad19490f4,1e921f63-a99e-4ca4-833f-5017a274ac2a,Normal,hsa-let-7g,624.571707
53f97589-3897-59d9-bb10-55bad19490f4,1e921f63-a99e-4ca4-833f-5017a274ac2a,Normal,hsa-let-7i,420.984496
6095ab07-e23a-56e2-9a48-9a6658fcc1e7,36104c0e-cb26-4ea3-a471-5a15e8fab0eb,Normal,hsa-let-7a-1,1952.931338
6095ab07-e23a-56e2-9a48-9a6658fcc1e7,36104c0e-cb26-4ea3-a471-5a15e8fab0eb,Normal,hsa-let-7a-2,1929.337276
6095ab07-e23a-56e2-9a48-9a6658fcc1e7,36104c0e-cb26-4ea3-a471-5a15e8fab0eb,Normal,hsa-let-7a-3,1999.820805
6095ab07-e23a-56e2-9a48-9a6658fcc1e7,36104c0e-cb26-4ea3-a471-5a15e8fab0eb,Normal,hsa-let-7b,3114.71493
6095ab07-e23a-56e2-9a48-9a6658fcc1e7,36104c0e-cb26-4ea3-a471-5a15e8fab0eb,Normal,hsa-let-7c,245.497715
6095ab07-e23a-56e2-9a48-9a6658fcc1e7,36104c0e-cb26-4ea3-a471-5a15e8fab0eb,Normal,hsa-let-7d,1259.146433
6095ab07-e23a-56e2-9a48-9a6658fcc1e7,36104c0e-cb26-4ea3-a471-5a15e8fab0eb,Normal,hsa-let-7e,1697.876534
6095ab07-e23a-56e2-9a48-9a6658fcc1e7,36104c0e-cb26-4ea3-a471-5a15e8fab0eb,Normal,hsa-let-7f-1,1321.566168
6095ab07-e23a-56e2-9a48-9a6658fcc1e7,36104c0e-cb26-4ea3-a471-5a15e8fab0eb,Normal,hsa-let-7f-2,1334.408506
6095ab07-e23a-56e2-9a48-9a6658fcc1e7,36104c0e-cb26-4ea3-a471-5a15e8fab0eb,Normal,hsa-let-7g,164.262462
6095ab07-e23a-56e2-9a48-9a6658fcc1e7,36104c0e-cb26-4ea3-a471-5a15e8fab0eb,Normal,hsa-let-7i,109.309202
6dd99920-cc92-4ac6-93f3-5ac4950829e2,6dd99920-cc92-4ac6-93f3-5ac4950829e2,Normal,hsa-let-7a-1,12467.997646
6dd99920-cc92-4ac6-93f3-5ac4950829e2,6dd99920-cc92-4ac6-93f3-5ac4950829e2,Normal,hsa-let-7a-2,12539.783058
6dd99920-cc92-4ac6-93f3-5ac4950829e2,6dd99920-cc92-4ac6-93f3-5ac4950829e2,Normal,hsa-let-7a-3,12535.515762
6dd99920-cc92-4ac6-93f3-5ac4950829e2,6dd99920-cc92-4ac6-93f3-5ac4950829e2,Normal,hsa-let-7b,16444.833622
6dd99920-cc92-4ac6-93f3-5ac4950829e2,6dd99920-cc92-4ac6-93f3-5ac4950829e2,Normal,hsa-let-7c,3431.665124
6dd99920-cc92-4ac6-93f3-5ac4950829e2,6dd99920-cc92-4ac6-93f3-5ac4950829e2,Normal,hsa-let-7d,394.677524
6dd99920-cc92-4ac6-93f3-5ac4950829e2,6dd99920-cc92-4ac6-93f3-5ac4950829e2,Normal,hsa-let-7e,2186.467966
6dd99920-cc92-4ac6-93f3-5ac4950829e2,6dd99920-cc92-4ac6-93f3-5ac4950829e2,Normal,hsa-let-7f-1,5207.239839
6dd99920-cc92-4ac6-93f3-5ac4950829e2,6dd99920-cc92-4ac6-93f3-5ac4950829e2,Normal,hsa-let-7f-2,5231.231529
6dd99920-cc92-4ac6-93f3-5ac4950829e2,6dd99920-cc92-4ac6-93f3-5ac4950829e2,Normal,hsa-let-7g,606.714752
6dd99920-cc92-4ac6-93f3-5ac4950829e2,6dd99920-cc92-4ac6-93f3-5ac4950829e2,Normal,hsa-let-7i,398.849992
TCGA-B0-5088,07a526de-cf8d-41b8-a294-23307003f784,Stage 1,hsa-let-7a-1,3671.831632
TCGA-B0-5088,07a526de-cf8d-41b8-a294-23307003f784,Stage 1,hsa-let-7a-2,3674.08887
TCGA-B0-5088,07a526de-cf8d-41b8-a294-23307003f784,Stage 1,hsa-let-7a-3,3729.478017
TCGA-B0-5088,07a526de-cf8d-41b8-a294-23307003f784,Stage 1,hsa-let-7b,8929.633385
TCGA-B0-5088,07a526de-cf8d-41b8-a294-23307003f784,Stage 1,hsa-let-7c,543.473448
TCGA-B0-5088,07a526de-cf8d-41b8-a294-23307003f784,Stage 1,hsa-let-7d,621.782242
TCGA-B0-5088,07a526de-cf8d-41b8-a294-23307003f784,Stage 1,hsa-let-7e,446.759483
TCGA-B0-5088,07a526de-cf8d-41b8-a294-23307003f784,Stage 1,hsa-let-7f-1,1142.16241
TCGA-B0-5088,07a526de-cf8d-41b8-a294-23307003f784,Stage 1,hsa-let-7f-2,1150.323193
TCGA-B0-5088,07a526de-cf8d-41b8-a294-23307003f784,Stage 1,hsa-let-7g,382.688652
TCGA-B0-5088,07a526de-cf8d-41b8-a294-23307003f784,Stage 1,hsa-let-7i,419.151727
TCGA-B0-5695,b932b98f-ef42-4ebb-9f52-2fe93ffea16a,Stage 1,hsa-let-7a-1,15375.946815
TCGA-B0-5695,b932b98f-ef42-4ebb-9f52-2fe93ffea16a,Stage 1,hsa-let-7a-2,15318.184295
TCGA-B0-5695,b932b98f-ef42-4ebb-9f52-2fe93ffea16a,Stage 1,hsa-let-7a-3,15383.357855
TCGA-B0-5695,b932b98f-ef42-4ebb-9f52-2fe93ffea16a,Stage 1,hsa-let-7b,14468.748297
TCGA-B0-5695,b932b98f-ef42-4ebb-9f52-2fe93ffea16a,Stage 1,hsa-let-7c,1444.498937
TCGA-B0-5695,b932b98f-ef42-4ebb-9f52-2fe93ffea16a,Stage 1,hsa-let-7d,859.244728
TCGA-B0-5695,b932b98f-ef42-4ebb-9f52-2fe93ffea16a,Stage 1,hsa-let-7e,2028.009373
TCGA-B0-5695,b932b98f-ef42-4ebb-9f52-2fe93ffea16a,Stage 1,hsa-let-7f-1,10685.412239
TCGA-B0-5695,b932b98f-ef42-4ebb-9f52-2fe93ffea16a,Stage 1,hsa-let-7f-2,10823.170399
TCGA-B0-5695,b932b98f-ef42-4ebb-9f52-2fe93ffea16a,Stage 1,hsa-let-7g,682.251648
TCGA-B0-5695,b932b98f-ef42-4ebb-9f52-2fe93ffea16a,Stage 1,hsa-let-7i,400.85009
TCGA-BP-4353,898311f4-b996-401c-9143-4b23b876d9c4,Stage 1,hsa-let-7a-1,5839.347546
TCGA-BP-4353,898311f4-b996-401c-9143-4b23b876d9c4,Stage 1,hsa-let-7a-2,5884.349674
TCGA-BP-4353,898311f4-b996-401c-9143-4b23b876d9c4,Stage 1,hsa-let-7a-3,5951.209979
TCGA-BP-4353,898311f4-b996-401c-9143-4b23b876d9c4,Stage 1,hsa-let-7b,18749.81517
TCGA-BP-4353,898311f4-b996-401c-9143-4b23b876d9c4,Stage 1,hsa-let-7c,1167.483777
TCGA-BP-4353,898311f4-b996-401c-9143-4b23b876d9c4,Stage 1,hsa-let-7d,624.886691
TCGA-BP-4353,898311f4-b996-401c-9143-4b23b876d9c4,Stage 1,hsa-let-7e,630.029791
TCGA-BP-4353,898311f4-b996-401c-9143-4b23b876d9c4,Stage 1,hsa-let-7f-1,1334.634538
TCGA-BP-4353,898311f4-b996-401c-9143-4b23b876d9c4,Stage 1,hsa-let-7f-2,1362.278702
TCGA-BP-4353,898311f4-b996-401c-9143-4b23b876d9c4,Stage 1,hsa-let-7g,440.377966
TCGA-BP-4353,898311f4-b996-401c-9143-4b23b876d9c4,Stage 1,hsa-let-7i,594.670977
TCGA-BP-4775,9726f193-c757-4e79-8d97-37fc09d1cc2e,Stage 1,hsa-let-7a-1,3926.082573
TCGA-BP-4775,9726f193-c757-4e79-8d97-37fc09d1cc2e,Stage 1,hsa-let-7a-2,3930.33158
TCGA-BP-4775,9726f193-c757-4e79-8d97-37fc09d1cc2e,Stage 1,hsa-let-7a-3,3935.430388
TCGA-BP-4775,9726f193-c757-4e79-8d97-37fc09d1cc2e,Stage 1,hsa-let-7b,8562.599135
TCGA-BP-4775,9726f193-c757-4e79-8d97-37fc09d1cc2e,Stage 1,hsa-let-7c,561.29384
TCGA-BP-4775,9726f193-c757-4e79-8d97-37fc09d1cc2e,Stage 1,hsa-let-7d,573.19106
TCGA-BP-4775,9726f193-c757-4e79-8d97-37fc09d1cc2e,Stage 1,hsa-let-7e,556.619932
TCGA-BP-4775,9726f193-c757-4e79-8d97-37fc09d1cc2e,Stage 1,hsa-let-7f-1,1461.233546
TCGA-BP-4775,9726f193-c757-4e79-8d97-37fc09d1cc2e,Stage 1,hsa-let-7f-2,1503.723617
TCGA-BP-4775,9726f193-c757-4e79-8d97-37fc09d1cc2e,Stage 1,hsa-let-7g,262.163739
TCGA-BP-4775,9726f193-c757-4e79-8d97-37fc09d1cc2e,Stage 1,hsa-let-7i,372.213023
TCGA-BP-4795,3b4ca0ed-3a24-4986-be96-6edf289968c3,Stage 1,hsa-let-7a-1,5085.564652
TCGA-BP-4795,3b4ca0ed-3a24-4986-be96-6edf289968c3,Stage 1,hsa-let-7a-2,5056.17454
TCGA-BP-4795,3b4ca0ed-3a24-4986-be96-6edf289968c3,Stage 1,hsa-let-7a-3,5130.725068
TCGA-BP-4795,3b4ca0ed-3a24-4986-be96-6edf289968c3,Stage 1,hsa-let-7b,21221.094645
TCGA-BP-4795,3b4ca0ed-3a24-4986-be96-6edf289968c3,Stage 1,hsa-let-7c,2555.147678
TCGA-BP-4795,3b4ca0ed-3a24-4986-be96-6edf289968c3,Stage 1,hsa-let-7d,356.623922
TCGA-BP-4795,3b4ca0ed-3a24-4986-be96-6edf289968c3,Stage 1,hsa-let-7e,607.873539
TCGA-BP-4795,3b4ca0ed-3a24-4986-be96-6edf289968c3,Stage 1,hsa-let-7f-1,1127.218326
TCGA-BP-4795,3b4ca0ed-3a24-4986-be96-6edf289968c3,Stage 1,hsa-let-7f-2,1140.479718
TCGA-BP-4795,3b4ca0ed-3a24-4986-be96-6edf289968c3,Stage 1,hsa-let-7g,329.02589
TCGA-BP-4795,3b4ca0ed-3a24-4986-be96-6edf289968c3,Stage 1,hsa-let-7i,617.550771
TCGA-BP-4807,e8cb80a4-0743-462b-9c2c-13e0f1f5c704,Stage 1,hsa-let-7a-1,3566.71378
TCGA-BP-4807,e8cb80a4-0743-462b-9c2c-13e0f1f5c704,Stage 1,hsa-let-7a-2,3565.842255
TCGA-BP-4807,e8cb80a4-0743-462b-9c2c-13e0f1f5c704,Stage 1,hsa-let-7a-3,3568.238948
TCGA-BP-4807,e8cb80a4-0743-462b-9c2c-13e0f1f5c704,Stage 1,hsa-let-7b,8739.211344
TCGA-BP-4807,e8cb80a4-0743-462b-9c2c-13e0f1f5c704,Stage 1,hsa-let-7c,1661.997111
TCGA-BP-4807,e8cb80a4-0743-462b-9c2c-13e0f1f5c704,Stage 1,hsa-let-7d,564.96572
TCGA-BP-4807,e8cb80a4-0743-462b-9c2c-13e0f1f5c704,Stage 1,hsa-let-7e,522.261022
TCGA-BP-4807,e8cb80a4-0743-462b-9c2c-13e0f1f5c704,Stage 1,hsa-let-7f-1,1168.060634
TCGA-BP-4807,e8cb80a4-0743-462b-9c2c-13e0f1f5c704,Stage 1,hsa-let-7f-2,1206.62559
TCGA-BP-4807,e8cb80a4-0743-462b-9c2c-13e0f1f5c704,Stage 1,hsa-let-7g,289.563996
TCGA-BP-4807,e8cb80a4-0743-462b-9c2c-13e0f1f5c704,Stage 1,hsa-let-7i,450.360256
TCGA-BP-4995,c0ccb197-4586-4ddf-a824-b13dcdaf2f37,Stage 1,hsa-let-7a-1,2912.148494
TCGA-BP-4995,c0ccb197-4586-4ddf-a824-b13dcdaf2f37,Stage 1,hsa-let-7a-2,2910.770695
TCGA-BP-4995,c0ccb197-4586-4ddf-a824-b13dcdaf2f37,Stage 1,hsa-let-7a-3,2966.743743
TCGA-BP-4995,c0ccb197-4586-4ddf-a824-b13dcdaf2f37,Stage 1,hsa-let-7b,7623.184622
TCGA-BP-4995,c0ccb197-4586-4ddf-a824-b13dcdaf2f37,Stage 1,hsa-let-7c,1758.587041
TCGA-BP-4995,c0ccb197-4586-4ddf-a824-b13dcdaf2f37,Stage 1,hsa-let-7d,357.71083
TCGA-BP-4995,c0ccb197-4586-4ddf-a824-b13dcdaf2f37,Stage 1,hsa-let-7e,449.506628
TCGA-BP-4995,c0ccb197-4586-4ddf-a824-b13dcdaf2f37,Stage 1,hsa-let-7f-1,840.456837
TCGA-BP-4995,c0ccb197-4586-4ddf-a824-b13dcdaf2f37,Stage 1,hsa-let-7f-2,846.312478
TCGA-BP-4995,c0ccb197-4586-4ddf-a824-b13dcdaf2f37,Stage 1,hsa-let-7g,242.32024
TCGA-BP-4995,c0ccb197-4586-4ddf-a824-b13dcdaf2f37,Stage 1,hsa-let-7i,481.540433
TCGA-CZ-4862,2660dc12-50d6-4629-9bed-0338a90b75d1,Stage 1,hsa-let-7a-1,4304.510913
TCGA-CZ-4862,2660dc12-50d6-4629-9bed-0338a90b75d1,Stage 1,hsa-let-7a-2,4295.687784
TCGA-CZ-4862,2660dc12-50d6-4629-9bed-0338a90b75d1,Stage 1,hsa-let-7a-3,4500.384394
TCGA-CZ-4862,2660dc12-50d6-4629-9bed-0338a90b75d1,Stage 1,hsa-let-7b,14825.799067
TCGA-CZ-4862,2660dc12-50d6-4629-9bed-0338a90b75d1,Stage 1,hsa-let-7c,834.079868
TCGA-CZ-4862,2660dc12-50d6-4629-9bed-0338a90b75d1,Stage 1,hsa-let-7d,656.440855
TCGA-CZ-4862,2660dc12-50d6-4629-9bed-0338a90b75d1,Stage 1,hsa-let-7e,417.039934
TCGA-CZ-4862,2660dc12-50d6-4629-9bed-0338a90b75d1,Stage 1,hsa-let-7f-1,1010.542464
TCGA-CZ-4862,2660dc12-50d6-4629-9bed-0338a90b75d1,Stage 1,hsa-let-7f-2,981.72024
TCGA-CZ-4862,2660dc12-50d6-4629-9bed-0338a90b75d1,Stage 1,hsa-let-7g,538.210916
TCGA-CZ-4862,2660dc12-50d6-4629-9bed-0338a90b75d1,Stage 1,hsa-let-7i,395.276214
TCGA-DV-5565,b01356aa-d4a5-4175-87ed-bd0e3fc14678,Stage 1,hsa-let-7a-1,7887.983188
TCGA-DV-5565,b01356aa-d4a5-4175-87ed-bd0e3fc14678,Stage 1,hsa-let-7a-2,7870.860047
TCGA-DV-5565,b01356aa-d4a5-4175-87ed-bd0e3fc14678,Stage 1,hsa-let-7a-3,7901.635422
TCGA-DV-5565,b01356aa-d4a5-4175-87ed-bd0e3fc14678,Stage 1,hsa-let-7b,17383.690486
TCGA-DV-5565,b01356aa-d4a5-4175-87ed-bd0e3fc14678,Stage 1,hsa-let-7c,3064.810858
TCGA-DV-5565,b01356aa-d4a5-4175-87ed-bd0e3fc14678,Stage 1,hsa-let-7d,1029.702402
TCGA-DV-5565,b01356aa-d4a5-4175-87ed-bd0e3fc14678,Stage 1,hsa-let-7e,1019.752469
TCGA-DV-5565,b01356aa-d4a5-4175-87ed-bd0e3fc14678,Stage 1,hsa-let-7f-1,2275.063824
TCGA-DV-5565,b01356aa-d4a5-4175-87ed-bd0e3fc14678,Stage 1,hsa-let-7f-2,2241.28033
TCGA-DV-5565,b01356aa-d4a5-4175-87ed-bd0e3fc14678,Stage 1,hsa-let-7g,568.99735
TCGA-DV-5565,b01356aa-d4a5-4175-87ed-bd0e3fc14678,Stage 1,hsa-let-7i,584.500734
TCGA-DV-5573,2b4d06c8-f89b-44d7-b3cf-36b59da2429e,Stage 1,hsa-let-7a-1,15384.900372
TCGA-DV-5573,2b4d06c8-f89b-44d7-b3cf-36b59da2429e,Stage 1,hsa-let-7a-2,15162.152866
TCGA-DV-5573,2b4d06c8-f89b-44d7-b3cf-36b59da2429e,Stage 1,hsa-let-7a-3,15320.866181
TCGA-DV-5573,2b4d06c8-f89b-44d7-b3cf-36b59da2429e,Stage 1,hsa-let-7b,13612.525454
TCGA-DV-5573,2b4d06c8-f89b-44d7-b3cf-36b59da2429e,Stage 1,hsa-let-7c,3756.520053
TCGA-DV-5573,2b4d06c8-f89b-44d7-b3cf-36b59da2429e,Stage 1,hsa-let-7d,547.034943
TCGA-DV-5573,2b4d06c8-f89b-44d7-b3cf-36b59da2429e,Stage 1,hsa-let-7e,1448.087482
TCGA-DV-5573,2b4d06c8-f89b-44d7-b3cf-36b59da2429e,Stage 1,hsa-let-7f-1,11993.603899
TCGA-DV-5573,2b4d06c8-f89b-44d7-b3cf-36b59da2429e,Stage 1,hsa-let-7f-2,12289.533337
TCGA-DV-5573,2b4d06c8-f89b-44d7-b3cf-36b59da2429e,Stage 1,hsa-let-7g,945.419085
TCGA-DV-5573,2b4d06c8-f89b-44d7-b3cf-36b59da2429e,Stage 1,hsa-let-7i,491.9198
TCGA-BP-5199,079b73c4-e100-4966-bcc7-d87e050485e8,Stage 2,hsa-let-7a-1,9457.822602
TCGA-BP-5199,079b73c4-e100-4966-bcc7-d87e050485e8,Stage 2,hsa-let-7a-2,9508.900457
TCGA-BP-5199,079b73c4-e100-4966-bcc7-d87e050485e8,Stage 2,hsa-let-7a-3,9470.732389
TCGA-BP-5199,079b73c4-e100-4966-bcc7-d87e050485e8,Stage 2,hsa-let-7b,25627.612127
TCGA-BP-5199,079b73c4-e100-4966-bcc7-d87e050485e8,Stage 2,hsa-let-7c,2679.622855
TCGA-BP-5199,079b73c4-e100-4966-bcc7-d87e050485e8,Stage 2,hsa-let-7d,723.509397
TCGA-BP-5199,079b73c4-e100-4966-bcc7-d87e050485e8,Stage 2,hsa-let-7e,1054.112216
TCGA-BP-5199,079b73c4-e100-4966-bcc7-d87e050485e8,Stage 2,hsa-let-7f-1,3183.104568
TCGA-BP-5199,079b73c4-e100-4966-bcc7-d87e050485e8,Stage 2,hsa-let-7f-2,3165.70442
TCGA-BP-5199,079b73c4-e100-4966-bcc7-d87e050485e8,Stage 2,hsa-let-7g,484.39768
TCGA-BP-5199,079b73c4-e100-4966-bcc7-d87e050485e8,Stage 2,hsa-let-7i,621.914982
TCGA-AK-3429,8119e4ff-4b33-4a92-b164-7d5cd6bab1f5,Stage 2,hsa-let-7a-1,7552.463305
TCGA-AK-3429,8119e4ff-4b33-4a92-b164-7d5cd6bab1f5,Stage 2,hsa-let-7a-2,7591.404336
TCGA-AK-3429,8119e4ff-4b33-4a92-b164-7d5cd6bab1f5,Stage 2,hsa-let-7a-3,7625.852172
TCGA-AK-3429,8119e4ff-4b33-4a92-b164-7d5cd6bab1f5,Stage 2,hsa-let-7b,13570.649965
TCGA-AK-3429,8119e4ff-4b33-4a92-b164-7d5cd6bab1f5,Stage 2,hsa-let-7c,3634.096887
TCGA-AK-3429,8119e4ff-4b33-4a92-b164-7d5cd6bab1f5,Stage 2,hsa-let-7d,883.661871
TCGA-AK-3429,8119e4ff-4b33-4a92-b164-7d5cd6bab1f5,Stage 2,hsa-let-7e,712.620878
TCGA-AK-3429,8119e4ff-4b33-4a92-b164-7d5cd6bab1f5,Stage 2,hsa-let-7f-1,3135.05259
TCGA-AK-3429,8119e4ff-4b33-4a92-b164-7d5cd6bab1f5,Stage 2,hsa-let-7f-2,3218.626035
TCGA-AK-3429,8119e4ff-4b33-4a92-b164-7d5cd6bab1f5,Stage 2,hsa-let-7g,459.504173
TCGA-AK-3429,8119e4ff-4b33-4a92-b164-7d5cd6bab1f5,Stage 2,hsa-let-7i,345.376996
TCGA-AK-3447,01a297ef-acc5-457f-9db1-3f3345314d89,Stage 2,hsa-let-7a-1,6048.226087
TCGA-AK-3447,01a297ef-acc5-457f-9db1-3f3345314d89,Stage 2,hsa-let-7a-2,6090.028351
TCGA-AK-3447,01a297ef-acc5-457f-9db1-3f3345314d89,Stage 2,hsa-let-7a-3,6246.006948
TCGA-AK-3447,01a297ef-acc5-457f-9db1-3f3345314d89,Stage 2,hsa-let-7b,13681.194721
TCGA-AK-3447,01a297ef-acc5-457f-9db1-3f3345314d89,Stage 2,hsa-let-7c,414.903069
TCGA-AK-3447,01a297ef-acc5-457f-9db1-3f3345314d89,Stage 2,hsa-let-7d,299.478907
TCGA-AK-3447,01a297ef-acc5-457f-9db1-3f3345314d89,Stage 2,hsa-let-7e,829.806137
TCGA-AK-3447,01a297ef-acc5-457f-9db1-3f3345314d89,Stage 2,hsa-let-7f-1,2632.294807
TCGA-AK-3447,01a297ef-acc5-457f-9db1-3f3345314d89,Stage 2,hsa-let-7f-2,2539.331563
TCGA-AK-3447,01a297ef-acc5-457f-9db1-3f3345314d89,Stage 2,hsa-let-7g,857.25837
TCGA-AK-3447,01a297ef-acc5-457f-9db1-3f3345314d89,Stage 2,hsa-let-7i,202.148262
TCGA-AK-3451,fd8e1bf7-fa44-409f-8eb7-7fc4dde6ae42,Stage 2,hsa-let-7a-1,9518.913855
TCGA-AK-3451,fd8e1bf7-fa44-409f-8eb7-7fc4dde6ae42,Stage 2,hsa-let-7a-2,9719.416266
TCGA-AK-3451,fd8e1bf7-fa44-409f-8eb7-7fc4dde6ae42,Stage 2,hsa-let-7a-3,9652.994685
TCGA-AK-3451,fd8e1bf7-fa44-409f-8eb7-7fc4dde6ae42,Stage 2,hsa-let-7b,13716.675241
TCGA-AK-3451,fd8e1bf7-fa44-409f-8eb7-7fc4dde6ae42,Stage 2,hsa-let-7c,936.503032
TCGA-AK-3451,fd8e1bf7-fa44-409f-8eb7-7fc4dde6ae42,Stage 2,hsa-let-7d,350.672941
TCGA-AK-3451,fd8e1bf7-fa44-409f-8eb7-7fc4dde6ae42,Stage 2,hsa-let-7e,548.287458
TCGA-AK-3451,fd8e1bf7-fa44-409f-8eb7-7fc4dde6ae42,Stage 2,hsa-let-7f-1,4842.174486
TCGA-AK-3451,fd8e1bf7-fa44-409f-8eb7-7fc4dde6ae42,Stage 2,hsa-let-7f-2,4933.349451
TCGA-AK-3451,fd8e1bf7-fa44-409f-8eb7-7fc4dde6ae42,Stage 2,hsa-let-7g,401.829935
TCGA-AK-3451,fd8e1bf7-fa44-409f-8eb7-7fc4dde6ae42,Stage 2,hsa-let-7i,241.345495
TCGA-B8-5162,f0a25ad5-7e4f-4004-a4b4-c24c6615a260,Stage 2,hsa-let-7a-1,4411.327889
TCGA-B8-5162,f0a25ad5-7e4f-4004-a4b4-c24c6615a260,Stage 2,hsa-let-7a-2,4379.502678
TCGA-B8-5162,f0a25ad5-7e4f-4004-a4b4-c24c6615a260,Stage 2,hsa-let-7a-3,4525.662907
TCGA-B8-5162,f0a25ad5-7e4f-4004-a4b4-c24c6615a260,Stage 2,hsa-let-7b,13882.864363
TCGA-B8-5162,f0a25ad5-7e4f-4004-a4b4-c24c6615a260,Stage 2,hsa-let-7c,649.470051
TCGA-B8-5162,f0a25ad5-7e4f-4004-a4b4-c24c6615a260,Stage 2,hsa-let-7d,473.842034
TCGA-B8-5162,f0a25ad5-7e4f-4004-a4b4-c24c6615a260,Stage 2,hsa-let-7e,396.047073
TCGA-B8-5162,f0a25ad5-7e4f-4004-a4b4-c24c6615a260,Stage 2,hsa-let-7f-1,1633.694176
TCGA-B8-5162,f0a25ad5-7e4f-4004-a4b4-c24c6615a260,Stage 2,hsa-let-7f-2,1633.694176
TCGA-B8-5162,f0a25ad5-7e4f-4004-a4b4-c24c6615a260,Stage 2,hsa-let-7g,427.282928
TCGA-B8-5162,f0a25ad5-7e4f-4004-a4b4-c24c6615a260,Stage 2,hsa-let-7i,727.265012
TCGA-BP-4327,40b301ef-4f08-44b4-a1bc-56c263e00add,Stage 2,hsa-let-7a-1,5932.110497
TCGA-BP-4327,40b301ef-4f08-44b4-a1bc-56c263e00add,Stage 2,hsa-let-7a-2,6085.073363
TCGA-BP-4327,40b301ef-4f08-44b4-a1bc-56c263e00add,Stage 2,hsa-let-7a-3,6142.666669
TCGA-BP-4327,40b301ef-4f08-44b4-a1bc-56c263e00add,Stage 2,hsa-let-7b,14679.480868
TCGA-BP-4327,40b301ef-4f08-44b4-a1bc-56c263e00add,Stage 2,hsa-let-7c,683.068992
TCGA-BP-4327,40b301ef-4f08-44b4-a1bc-56c263e00add,Stage 2,hsa-let-7d,1119.044125
TCGA-BP-4327,40b301ef-4f08-44b4-a1bc-56c263e00add,Stage 2,hsa-let-7e,689.881104
TCGA-BP-4327,40b301ef-4f08-44b4-a1bc-56c263e00add,Stage 2,hsa-let-7f-1,2022.577814
TCGA-BP-4327,40b301ef-4f08-44b4-a1bc-56c263e00add,Stage 2,hsa-let-7f-2,2048.587694
TCGA-BP-4327,40b301ef-4f08-44b4-a1bc-56c263e00add,Stage 2,hsa-let-7g,548.065329
TCGA-BP-4327,40b301ef-4f08-44b4-a1bc-56c263e00add,Stage 2,hsa-let-7i,812.49911
TCGA-BP-4342,cfc8a1d5-2ce9-4144-9b6e-436fcc68e732,Stage 2,hsa-let-7a-1,3302.89499
TCGA-BP-4342,cfc8a1d5-2ce9-4144-9b6e-436fcc68e732,Stage 2,hsa-let-7a-2,3198.620078
TCGA-BP-4342,cfc8a1d5-2ce9-4144-9b6e-436fcc68e732,Stage 2,hsa-let-7a-3,3316.764067
TCGA-BP-4342,cfc8a1d5-2ce9-4144-9b6e-436fcc68e732,Stage 2,hsa-let-7b,11621.259138
TCGA-BP-4342,cfc8a1d5-2ce9-4144-9b6e-436fcc68e732,Stage 2,hsa-let-7c,716.568975
TCGA-BP-4342,cfc8a1d5-2ce9-4144-9b6e-436fcc68e732,Stage 2,hsa-let-7d,368.301043
TCGA-BP-4342,cfc8a1d5-2ce9-4144-9b6e-436fcc68e732,Stage 2,hsa-let-7e,470.007607
TCGA-BP-4342,cfc8a1d5-2ce9-4144-9b6e-436fcc68e732,Stage 2,hsa-let-7f-1,999.600879
TCGA-BP-4342,cfc8a1d5-2ce9-4144-9b6e-436fcc68e732,Stage 2,hsa-let-7f-2,975.458412
TCGA-BP-4342,cfc8a1d5-2ce9-4144-9b6e-436fcc68e732,Stage 2,hsa-let-7g,275.326861
TCGA-BP-4342,cfc8a1d5-2ce9-4144-9b6e-436fcc68e732,Stage 2,hsa-let-7i,665.202024
TCGA-CJ-4642,0d4f93cf-1cec-4315-a61f-14d355479378,Stage 2,hsa-let-7a-1,4892.033976
TCGA-CJ-4642,0d4f93cf-1cec-4315-a61f-14d355479378,Stage 2,hsa-let-7a-2,4854.114359
TCGA-CJ-4642,0d4f93cf-1cec-4315-a61f-14d355479378,Stage 2,hsa-let-7a-3,4948.106601
TCGA-CJ-4642,0d4f93cf-1cec-4315-a61f-14d355479378,Stage 2,hsa-let-7b,11607.436763
TCGA-CJ-4642,0d4f93cf-1cec-4315-a61f-14d355479378,Stage 2,hsa-let-7c,2502.291313
TCGA-CJ-4642,0d4f93cf-1cec-4315-a61f-14d355479378,Stage 2,hsa-let-7d,545.397043
TCGA-CJ-4642,0d4f93cf-1cec-4315-a61f-14d355479378,Stage 2,hsa-let-7e,726.927123
TCGA-CJ-4642,0d4f93cf-1cec-4315-a61f-14d355479378,Stage 2,hsa-let-7f-1,1444.172642
TCGA-CJ-4642,0d4f93cf-1cec-4315-a61f-14d355479378,Stage 2,hsa-let-7f-2,1481.688859
TCGA-CJ-4642,0d4f93cf-1cec-4315-a61f-14d355479378,Stage 2,hsa-let-7g,424.780389
TCGA-CJ-4642,0d4f93cf-1cec-4315-a61f-14d355479378,Stage 2,hsa-let-7i,686.183705
TCGA-CZ-4861,a7c51ac3-53d7-49c3-a0a4-af5ff34f579b,Stage 2,hsa-let-7a-1,5224.034705
TCGA-CZ-4861,a7c51ac3-53d7-49c3-a0a4-af5ff34f579b,Stage 2,hsa-let-7a-2,5181.044853
TCGA-CZ-4861,a7c51ac3-53d7-49c3-a0a4-af5ff34f579b,Stage 2,hsa-let-7a-3,5306.17603
TCGA-CZ-4861,a7c51ac3-53d7-49c3-a0a4-af5ff34f579b,Stage 2,hsa-let-7b,18283.73763
TCGA-CZ-4861,a7c51ac3-53d7-49c3-a0a4-af5ff34f579b,Stage 2,hsa-let-7c,628.726587
TCGA-CZ-4861,a7c51ac3-53d7-49c3-a0a4-af5ff34f579b,Stage 2,hsa-let-7d,632.564966
TCGA-CZ-4861,a7c51ac3-53d7-49c3-a0a4-af5ff34f579b,Stage 2,hsa-let-7e,410.706623
TCGA-CZ-4861,a7c51ac3-53d7-49c3-a0a4-af5ff34f579b,Stage 2,hsa-let-7f-1,1140.766432
TCGA-CZ-4861,a7c51ac3-53d7-49c3-a0a4-af5ff34f579b,Stage 2,hsa-let-7f-2,1145.372488
TCGA-CZ-4861,a7c51ac3-53d7-49c3-a0a4-af5ff34f579b,Stage 2,hsa-let-7g,411.474299
TCGA-CZ-4861,a7c51ac3-53d7-49c3-a0a4-af5ff34f579b,Stage 2,hsa-let-7i,393.817752
TCGA-CZ-4864,ef8c2840-0229-4c5c-8078-bdc9b049fea9,Stage 2,hsa-let-7a-1,13771.234121
TCGA-CZ-4864,ef8c2840-0229-4c5c-8078-bdc9b049fea9,Stage 2,hsa-let-7a-2,13949.246241
TCGA-CZ-4864,ef8c2840-0229-4c5c-8078-bdc9b049fea9,Stage 2,hsa-let-7a-3,14012.870344
TCGA-CZ-4864,ef8c2840-0229-4c5c-8078-bdc9b049fea9,Stage 2,hsa-let-7b,5004.306472
TCGA-CZ-4864,ef8c2840-0229-4c5c-8078-bdc9b049fea9,Stage 2,hsa-let-7c,2036.64816
TCGA-CZ-4864,ef8c2840-0229-4c5c-8078-bdc9b049fea9,Stage 2,hsa-let-7d,304.583474
TCGA-CZ-4864,ef8c2840-0229-4c5c-8078-bdc9b049fea9,Stage 2,hsa-let-7e,2167.619054
TCGA-CZ-4864,ef8c2840-0229-4c5c-8078-bdc9b049fea9,Stage 2,hsa-let-7f-1,11782.642465
TCGA-CZ-4864,ef8c2840-0229-4c5c-8078-bdc9b049fea9,Stage 2,hsa-let-7f-2,12018.187018
TCGA-CZ-4864,ef8c2840-0229-4c5c-8078-bdc9b049fea9,Stage 2,hsa-let-7g,1016.63195
TCGA-CZ-4864,ef8c2840-0229-4c5c-8078-bdc9b049fea9,Stage 2,hsa-let-7i,237.236683
TCGA-CZ-4864,a41bbab7-caf7-45da-be77-1775d1f0b1c7,Stage 2,hsa-let-7a-1,11932.845086
TCGA-CZ-4864,a41bbab7-caf7-45da-be77-1775d1f0b1c7,Stage 2,hsa-let-7a-2,11970.170834
TCGA-CZ-4864,a41bbab7-caf7-45da-be77-1775d1f0b1c7,Stage 2,hsa-let-7a-3,12002.78175
TCGA-CZ-4864,a41bbab7-caf7-45da-be77-1775d1f0b1c7,Stage 2,hsa-let-7b,9340.670135
TCGA-CZ-4864,a41bbab7-caf7-45da-be77-1775d1f0b1c7,Stage 2,hsa-let-7c,2758.372755
TCGA-CZ-4864,a41bbab7-caf7-45da-be77-1775d1f0b1c7,Stage 2,hsa-let-7d,313.339829
TCGA-CZ-4864,a41bbab7-caf7-45da-be77-1775d1f0b1c7,Stage 2,hsa-let-7e,1122.326298
TCGA-CZ-4864,a41bbab7-caf7-45da-be77-1775d1f0b1c7,Stage 2,hsa-let-7f-1,9589.181034
TCGA-CZ-4864,a41bbab7-caf7-45da-be77-1775d1f0b1c7,Stage 2,hsa-let-7f-2,9603.914882
TCGA-CZ-4864,a41bbab7-caf7-45da-be77-1775d1f0b1c7,Stage 2,hsa-let-7g,760.462996
TCGA-CZ-4864,a41bbab7-caf7-45da-be77-1775d1f0b1c7,Stage 2,hsa-let-7i,273.263763
TCGA-B0-4815,66ef247b-a621-4f54-8906-f3a9d4876d50,Stage 3,hsa-let-7a-1,3390.345822
TCGA-B0-4815,66ef247b-a621-4f54-8906-f3a9d4876d50,Stage 3,hsa-let-7a-2,3482.263436
TCGA-B0-4815,66ef247b-a621-4f54-8906-f3a9d4876d50,Stage 3,hsa-let-7a-3,3461.758737
TCGA-B0-4815,66ef247b-a621-4f54-8906-f3a9d4876d50,Stage 3,hsa-let-7b,5944.94842
TCGA-B0-4815,66ef247b-a621-4f54-8906-f3a9d4876d50,Stage 3,hsa-let-7c,891.600851
TCGA-B0-4815,66ef247b-a621-4f54-8906-f3a9d4876d50,Stage 3,hsa-let-7d,526.758631
TCGA-B0-4815,66ef247b-a621-4f54-8906-f3a9d4876d50,Stage 3,hsa-let-7e,513.324519
TCGA-B0-4815,66ef247b-a621-4f54-8906-f3a9d4876d50,Stage 3,hsa-let-7f-1,1313.007756
TCGA-B0-4815,66ef247b-a621-4f54-8906-f3a9d4876d50,Stage 3,hsa-let-7f-2,1341.290099
TCGA-B0-4815,66ef247b-a621-4f54-8906-f3a9d4876d50,Stage 3,hsa-let-7g,598.878605
TCGA-B0-4815,66ef247b-a621-4f54-8906-f3a9d4876d50,Stage 3,hsa-let-7i,1071.193727
TCGA-AK-3430,608ed9de-aa55-4ba4-be27-c7ee0195cceb,Stage 3,hsa-let-7a-1,8107.45813
TCGA-AK-3430,608ed9de-aa55-4ba4-be27-c7ee0195cceb,Stage 3,hsa-let-7a-2,7982.637518
TCGA-AK-3430,608ed9de-aa55-4ba4-be27-c7ee0195cceb,Stage 3,hsa-let-7a-3,8067.593955
TCGA-AK-3430,608ed9de-aa55-4ba4-be27-c7ee0195cceb,Stage 3,hsa-let-7b,21845.567496
TCGA-AK-3430,608ed9de-aa55-4ba4-be27-c7ee0195cceb,Stage 3,hsa-let-7c,2361.788947
TCGA-AK-3430,608ed9de-aa55-4ba4-be27-c7ee0195cceb,Stage 3,hsa-let-7d,407.137386
TCGA-AK-3430,608ed9de-aa55-4ba4-be27-c7ee0195cceb,Stage 3,hsa-let-7e,437.852406
TCGA-AK-3430,608ed9de-aa55-4ba4-be27-c7ee0195cceb,Stage 3,hsa-let-7f-1,2645.412745
TCGA-AK-3430,608ed9de-aa55-4ba4-be27-c7ee0195cceb,Stage 3,hsa-let-7f-2,2631.035501
TCGA-AK-3430,608ed9de-aa55-4ba4-be27-c7ee0195cceb,Stage 3,hsa-let-7g,473.795514
TCGA-AK-3430,608ed9de-aa55-4ba4-be27-c7ee0195cceb,Stage 3,hsa-let-7i,526.729909
TCGA-BP-4160,9dc27a84-ddc7-4d9e-8407-e7b866f0ff9d,Stage 3,hsa-let-7a-1,5825.972725
TCGA-BP-4160,9dc27a84-ddc7-4d9e-8407-e7b866f0ff9d,Stage 3,hsa-let-7a-2,6014.817593
TCGA-BP-4160,9dc27a84-ddc7-4d9e-8407-e7b866f0ff9d,Stage 3,hsa-let-7a-3,5827.709229
TCGA-BP-4160,9dc27a84-ddc7-4d9e-8407-e7b866f0ff9d,Stage 3,hsa-let-7b,14818.461474
TCGA-BP-4160,9dc27a84-ddc7-4d9e-8407-e7b866f0ff9d,Stage 3,hsa-let-7c,2478.426102
TCGA-BP-4160,9dc27a84-ddc7-4d9e-8407-e7b866f0ff9d,Stage 3,hsa-let-7d,854.360233
TCGA-BP-4160,9dc27a84-ddc7-4d9e-8407-e7b866f0ff9d,Stage 3,hsa-let-7e,724.122392
TCGA-BP-4160,9dc27a84-ddc7-4d9e-8407-e7b866f0ff9d,Stage 3,hsa-let-7f-1,1548.962048
TCGA-BP-4160,9dc27a84-ddc7-4d9e-8407-e7b866f0ff9d,Stage 3,hsa-let-7f-2,1544.620786
TCGA-BP-4160,9dc27a84-ddc7-4d9e-8407-e7b866f0ff9d,Stage 3,hsa-let-7g,500.547433
TCGA-BP-4160,9dc27a84-ddc7-4d9e-8407-e7b866f0ff9d,Stage 3,hsa-let-7i,400.264296
TCGA-BP-4334,48398f7c-eaab-4be0-8c63-8d5350be0a6d,Stage 3,hsa-let-7a-1,4675.354531
TCGA-BP-4334,48398f7c-eaab-4be0-8c63-8d5350be0a6d,Stage 3,hsa-let-7a-2,4720.757482
TCGA-BP-4334,48398f7c-eaab-4be0-8c63-8d5350be0a6d,Stage 3,hsa-let-7a-3,4709.837785
TCGA-BP-4334,48398f7c-eaab-4be0-8c63-8d5350be0a6d,Stage 3,hsa-let-7b,8871.39183
TCGA-BP-4334,48398f7c-eaab-4be0-8c63-8d5350be0a6d,Stage 3,hsa-let-7c,791.965402
TCGA-BP-4334,48398f7c-eaab-4be0-8c63-8d5350be0a6d,Stage 3,hsa-let-7d,608.629434
TCGA-BP-4334,48398f7c-eaab-4be0-8c63-8d5350be0a6d,Stage 3,hsa-let-7e,766.102961
TCGA-BP-4334,48398f7c-eaab-4be0-8c63-8d5350be0a6d,Stage 3,hsa-let-7f-1,2019.569247
TCGA-BP-4334,48398f7c-eaab-4be0-8c63-8d5350be0a6d,Stage 3,hsa-let-7f-2,2130.490381
TCGA-BP-4334,48398f7c-eaab-4be0-8c63-8d5350be0a6d,Stage 3,hsa-let-7g,543.685972
TCGA-BP-4334,48398f7c-eaab-4be0-8c63-8d5350be0a6d,Stage 3,hsa-let-7i,275.866033
TCGA-BP-4799,5d3f0cb3-4783-40ae-bf48-08f2c0c46be2,Stage 3,hsa-let-7a-1,8244.045242
TCGA-BP-4799,5d3f0cb3-4783-40ae-bf48-08f2c0c46be2,Stage 3,hsa-let-7a-2,8370.75856
TCGA-BP-4799,5d3f0cb3-4783-40ae-bf48-08f2c0c46be2,Stage 3,hsa-let-7a-3,8377.670195
TCGA-BP-4799,5d3f0cb3-4783-40ae-bf48-08f2c0c46be2,Stage 3,hsa-let-7b,9862.90387
TCGA-BP-4799,5d3f0cb3-4783-40ae-bf48-08f2c0c46be2,Stage 3,hsa-let-7c,1023.690015
TCGA-BP-4799,5d3f0cb3-4783-40ae-bf48-08f2c0c46be2,Stage 3,hsa-let-7d,1025.993893
TCGA-BP-4799,5d3f0cb3-4783-40ae-bf48-08f2c0c46be2,Stage 3,hsa-let-7e,1151.939251
TCGA-BP-4799,5d3f0cb3-4783-40ae-bf48-08f2c0c46be2,Stage 3,hsa-let-7f-1,3726.139498
TCGA-BP-4799,5d3f0cb3-4783-40ae-bf48-08f2c0c46be2,Stage 3,hsa-let-7f-2,3740.730729
TCGA-BP-4799,5d3f0cb3-4783-40ae-bf48-08f2c0c46be2,Stage 3,hsa-let-7g,955.341619
TCGA-BP-4799,5d3f0cb3-4783-40ae-bf48-08f2c0c46be2,Stage 3,hsa-let-7i,566.754112
TCGA-BP-5191,ebe1aba6-67cb-4cb8-bc2c-2615608ea920,Stage 3,hsa-let-7a-1,8145.085674
TCGA-BP-5191,ebe1aba6-67cb-4cb8-bc2c-2615608ea920,Stage 3,hsa-let-7a-2,8122.960581
TCGA-BP-5191,ebe1aba6-67cb-4cb8-bc2c-2615608ea920,Stage 3,hsa-let-7a-3,8187.047055
TCGA-BP-5191,ebe1aba6-67cb-4cb8-bc2c-2615608ea920,Stage 3,hsa-let-7b,20786.905607
TCGA-BP-5191,ebe1aba6-67cb-4cb8-bc2c-2615608ea920,Stage 3,hsa-let-7c,1226.798217
TCGA-BP-5191,ebe1aba6-67cb-4cb8-bc2c-2615608ea920,Stage 3,hsa-let-7d,590.511082
TCGA-BP-5191,ebe1aba6-67cb-4cb8-bc2c-2615608ea920,Stage 3,hsa-let-7e,622.554319
TCGA-BP-5191,ebe1aba6-67cb-4cb8-bc2c-2615608ea920,Stage 3,hsa-let-7f-1,3971.835521
TCGA-BP-5191,ebe1aba6-67cb-4cb8-bc2c-2615608ea920,Stage 3,hsa-let-7f-2,3948.18456
TCGA-BP-5191,ebe1aba6-67cb-4cb8-bc2c-2615608ea920,Stage 3,hsa-let-7g,463.864002
TCGA-BP-5191,ebe1aba6-67cb-4cb8-bc2c-2615608ea920,Stage 3,hsa-let-7i,510.402989
TCGA-CJ-4636,0e03c468-afaa-4e7d-8348-774579618e1b,Stage 3,hsa-let-7a-1,7574.003718
TCGA-CJ-4636,0e03c468-afaa-4e7d-8348-774579618e1b,Stage 3,hsa-let-7a-2,7592.255486
TCGA-CJ-4636,0e03c468-afaa-4e7d-8348-774579618e1b,Stage 3,hsa-let-7a-3,7770.450386
TCGA-CJ-4636,0e03c468-afaa-4e7d-8348-774579618e1b,Stage 3,hsa-let-7b,13260.3903
TCGA-CJ-4636,0e03c468-afaa-4e7d-8348-774579618e1b,Stage 3,hsa-let-7c,1511.054328
TCGA-CJ-4636,0e03c468-afaa-4e7d-8348-774579618e1b,Stage 3,hsa-let-7d,493.758375
TCGA-CJ-4636,0e03c468-afaa-4e7d-8348-774579618e1b,Stage 3,hsa-let-7e,734.873847
TCGA-CJ-4636,0e03c468-afaa-4e7d-8348-774579618e1b,Stage 3,hsa-let-7f-1,3386.663721
TCGA-CJ-4636,0e03c468-afaa-4e7d-8348-774579618e1b,Stage 3,hsa-let-7f-2,3417.883852
TCGA-CJ-4636,0e03c468-afaa-4e7d-8348-774579618e1b,Stage 3,hsa-let-7g,481.750633
TCGA-CJ-4636,0e03c468-afaa-4e7d-8348-774579618e1b,Stage 3,hsa-let-7i,609.513014
TCGA-CJ-4869,49d35564-a8ac-48b4-9c0a-523acb02c680,Stage 3,hsa-let-7a-1,8733.396002
TCGA-CJ-4869,49d35564-a8ac-48b4-9c0a-523acb02c680,Stage 3,hsa-let-7a-2,8536.248908
TCGA-CJ-4869,49d35564-a8ac-48b4-9c0a-523acb02c680,Stage 3,hsa-let-7a-3,8632.069004
TCGA-CJ-4869,49d35564-a8ac-48b4-9c0a-523acb02c680,Stage 3,hsa-let-7b,21927.933375
TCGA-CJ-4869,49d35564-a8ac-48b4-9c0a-523acb02c680,Stage 3,hsa-let-7c,813.920127
TCGA-CJ-4869,49d35564-a8ac-48b4-9c0a-523acb02c680,Stage 3,hsa-let-7d,600.252326
TCGA-CJ-4869,49d35564-a8ac-48b4-9c0a-523acb02c680,Stage 3,hsa-let-7e,559.501251
TCGA-CJ-4869,49d35564-a8ac-48b4-9c0a-523acb02c680,Stage 3,hsa-let-7f-1,2625.140219
TCGA-CJ-4869,49d35564-a8ac-48b4-9c0a-523acb02c680,Stage 3,hsa-let-7f-2,2625.69091
TCGA-CJ-4869,49d35564-a8ac-48b4-9c0a-523acb02c680,Stage 3,hsa-let-7g,535.821572
TCGA-CJ-4869,49d35564-a8ac-48b4-9c0a-523acb02c680,Stage 3,hsa-let-7i,509.939132
TCGA-CJ-4891,ab670fd9-01d3-4e7f-ad52-9e4ae3cef911,Stage 3,hsa-let-7a-1,7383.003141
TCGA-CJ-4891,ab670fd9-01d3-4e7f-ad52-9e4ae3cef911,Stage 3,hsa-let-7a-2,7399.761534
TCGA-CJ-4891,ab670fd9-01d3-4e7f-ad52-9e4ae3cef911,Stage 3,hsa-let-7a-3,7448.795351
TCGA-CJ-4891,ab670fd9-01d3-4e7f-ad52-9e4ae3cef911,Stage 3,hsa-let-7b,10133.862319
TCGA-CJ-4891,ab670fd9-01d3-4e7f-ad52-9e4ae3cef911,Stage 3,hsa-let-7c,1660.32227
TCGA-CJ-4891,ab670fd9-01d3-4e7f-ad52-9e4ae3cef911,Stage 3,hsa-let-7d,353.167616
TCGA-CJ-4891,ab670fd9-01d3-4e7f-ad52-9e4ae3cef911,Stage 3,hsa-let-7e,1480.945397
TCGA-CJ-4891,ab670fd9-01d3-4e7f-ad52-9e4ae3cef911,Stage 3,hsa-let-7f-1,7746.722338
TCGA-CJ-4891,ab670fd9-01d3-4e7f-ad52-9e4ae3cef911,Stage 3,hsa-let-7f-2,7863.410407
TCGA-CJ-4891,ab670fd9-01d3-4e7f-ad52-9e4ae3cef911,Stage 3,hsa-let-7g,616.336454
TCGA-CJ-4891,ab670fd9-01d3-4e7f-ad52-9e4ae3cef911,Stage 3,hsa-let-7i,839.781694
TCGA-CJ-4894,bed2e14b-5218-4856-9cb6-bc586bb8af60,Stage 3,hsa-let-7a-1,5853.337103
TCGA-CJ-4894,bed2e14b-5218-4856-9cb6-bc586bb8af60,Stage 3,hsa-let-7a-2,5768.282624
TCGA-CJ-4894,bed2e14b-5218-4856-9cb6-bc586bb8af60,Stage 3,hsa-let-7a-3,5698.182778
TCGA-CJ-4894,bed2e14b-5218-4856-9cb6-bc586bb8af60,Stage 3,hsa-let-7b,18137.166704
TCGA-CJ-4894,bed2e14b-5218-4856-9cb6-bc586bb8af60,Stage 3,hsa-let-7c,2209.547132
TCGA-CJ-4894,bed2e14b-5218-4856-9cb6-bc586bb8af60,Stage 3,hsa-let-7d,611.270653
TCGA-CJ-4894,bed2e14b-5218-4856-9cb6-bc586bb8af60,Stage 3,hsa-let-7e,753.807006
TCGA-CJ-4894,bed2e14b-5218-4856-9cb6-bc586bb8af60,Stage 3,hsa-let-7f-1,1266.003211
TCGA-CJ-4894,bed2e14b-5218-4856-9cb6-bc586bb8af60,Stage 3,hsa-let-7f-2,1272.545863
TCGA-CJ-4894,bed2e14b-5218-4856-9cb6-bc586bb8af60,Stage 3,hsa-let-7g,527.150839
TCGA-CJ-4894,bed2e14b-5218-4856-9cb6-bc586bb8af60,Stage 3,hsa-let-7i,426.207061
TCGA-B2-5639,0c5ebdcf-16c1-49aa-80f7-ff4a5d0230b0,Stage 4,hsa-let-7a-1,8191.773248
TCGA-B2-5639,0c5ebdcf-16c1-49aa-80f7-ff4a5d0230b0,Stage 4,hsa-let-7a-2,8183.310672
TCGA-B2-5639,0c5ebdcf-16c1-49aa-80f7-ff4a5d0230b0,Stage 4,hsa-let-7a-3,8299.906159
TCGA-B2-5639,0c5ebdcf-16c1-49aa-80f7-ff4a5d0230b0,Stage 4,hsa-let-7b,15033.295534
TCGA-B2-5639,0c5ebdcf-16c1-49aa-80f7-ff4a5d0230b0,Stage 4,hsa-let-7c,4400.069205
TCGA-B2-5639,0c5ebdcf-16c1-49aa-80f7-ff4a5d0230b0,Stage 4,hsa-let-7d,1210.618464
TCGA-B2-5639,0c5ebdcf-16c1-49aa-80f7-ff4a5d0230b0,Stage 4,hsa-let-7e,956.271051
TCGA-B2-5639,0c5ebdcf-16c1-49aa-80f7-ff4a5d0230b0,Stage 4,hsa-let-7f-1,3052.168958
TCGA-B2-5639,0c5ebdcf-16c1-49aa-80f7-ff4a5d0230b0,Stage 4,hsa-let-7f-2,3015.497797
TCGA-B2-5639,0c5ebdcf-16c1-49aa-80f7-ff4a5d0230b0,Stage 4,hsa-let-7g,667.133049
TCGA-B2-5639,0c5ebdcf-16c1-49aa-80f7-ff4a5d0230b0,Stage 4,hsa-let-7i,584.858007
TCGA-BP-5201,28e06630-d3c6-4264-9e51-62f677e9bcb6,Stage 4,hsa-let-7a-1,11664.995603
TCGA-BP-5201,28e06630-d3c6-4264-9e51-62f677e9bcb6,Stage 4,hsa-let-7a-2,11788.297365
TCGA-BP-5201,28e06630-d3c6-4264-9e51-62f677e9bcb6,Stage 4,hsa-let-7a-3,11703.527404
TCGA-BP-5201,28e06630-d3c6-4264-9e51-62f677e9bcb6,Stage 4,hsa-let-7b,39512.130622
TCGA-BP-5201,28e06630-d3c6-4264-9e51-62f677e9bcb6,Stage 4,hsa-let-7c,1490.97788
TCGA-BP-5201,28e06630-d3c6-4264-9e51-62f677e9bcb6,Stage 4,hsa-let-7d,598.256902
TCGA-BP-5201,28e06630-d3c6-4264-9e51-62f677e9bcb6,Stage 4,hsa-let-7e,1022.106708
TCGA-BP-5201,28e06630-d3c6-4264-9e51-62f677e9bcb6,Stage 4,hsa-let-7f-1,3987.432955
TCGA-BP-5201,28e06630-d3c6-4264-9e51-62f677e9bcb6,Stage 4,hsa-let-7f-2,4040.160682
TCGA-BP-5201,28e06630-d3c6-4264-9e51-62f677e9bcb6,Stage 4,hsa-let-7g,621.781581
TCGA-BP-5201,28e06630-d3c6-4264-9e51-62f677e9bcb6,Stage 4,hsa-let-7i,513.486941
TCGA-CJ-4900,882b535e-9897-4512-b05c-853a2df843cf,Stage 4,hsa-let-7a-1,7384.023177
TCGA-CJ-4900,882b535e-9897-4512-b05c-853a2df843cf,Stage 4,hsa-let-7a-2,7326.087745
TCGA-CJ-4900,882b535e-9897-4512-b05c-853a2df843cf,Stage 4,hsa-let-7a-3,7450.496461
TCGA-CJ-4900,882b535e-9897-4512-b05c-853a2df843cf,Stage 4,hsa-let-7b,12499.416834
TCGA-CJ-4900,882b535e-9897-4512-b05c-853a2df843cf,Stage 4,hsa-let-7c,849.211453
TCGA-CJ-4900,882b535e-9897-4512-b05c-853a2df843cf,Stage 4,hsa-let-7d,296.690393
TCGA-CJ-4900,882b535e-9897-4512-b05c-853a2df843cf,Stage 4,hsa-let-7e,517.149955
TCGA-CJ-4900,882b535e-9897-4512-b05c-853a2df843cf,Stage 4,hsa-let-7f-1,4250.936038
TCGA-CJ-4900,882b535e-9897-4512-b05c-853a2df843cf,Stage 4,hsa-let-7f-2,4227.152019
TCGA-CJ-4900,882b535e-9897-4512-b05c-853a2df843cf,Stage 4,hsa-let-7g,357.675057
TCGA-CJ-4900,882b535e-9897-4512-b05c-853a2df843cf,Stage 4,hsa-let-7i,748.281833
TCGA-AK-3436,8e3b8c28-451e-4fa1-a492-675426111d07,Stage 4,hsa-let-7a-1,10168.528787
TCGA-AK-3436,8e3b8c28-451e-4fa1-a492-675426111d07,Stage 4,hsa-let-7a-2,10311.984727
TCGA-AK-3436,8e3b8c28-451e-4fa1-a492-675426111d07,Stage 4,hsa-let-7a-3,10227.769702
TCGA-AK-3436,8e3b8c28-451e-4fa1-a492-675426111d07,Stage 4,hsa-let-7b,28529.14682
TCGA-AK-3436,8e3b8c28-451e-4fa1-a492-675426111d07,Stage 4,hsa-let-7c,1826.594873
TCGA-AK-3436,8e3b8c28-451e-4fa1-a492-675426111d07,Stage 4,hsa-let-7d,468.700179
TCGA-AK-3436,8e3b8c28-451e-4fa1-a492-675426111d07,Stage 4,hsa-let-7e,929.269252
TCGA-AK-3436,8e3b8c28-451e-4fa1-a492-675426111d07,Stage 4,hsa-let-7f-1,3399.383081
TCGA-AK-3436,8e3b8c28-451e-4fa1-a492-675426111d07,Stage 4,hsa-let-7f-2,3500.441112
TCGA-AK-3436,8e3b8c28-451e-4fa1-a492-675426111d07,Stage 4,hsa-let-7g,460.569073
TCGA-AK-3436,8e3b8c28-451e-4fa1-a492-675426111d07,Stage 4,hsa-let-7i,866.543577
TCGA-B0-4712,bf5d4f20-b5b1-45e6-82ee-0e14972ae679,Stage 4,hsa-let-7a-1,14020.160289
TCGA-B0-4712,bf5d4f20-b5b1-45e6-82ee-0e14972ae679,Stage 4,hsa-let-7a-2,13966.102279
TCGA-B0-4712,bf5d4f20-b5b1-45e6-82ee-0e14972ae679,Stage 4,hsa-let-7a-3,14246.916899
TCGA-B0-4712,bf5d4f20-b5b1-45e6-82ee-0e14972ae679,Stage 4,hsa-let-7b,11094.808661
TCGA-B0-4712,bf5d4f20-b5b1-45e6-82ee-0e14972ae679,Stage 4,hsa-let-7c,1072.549199
TCGA-B0-4712,bf5d4f20-b5b1-45e6-82ee-0e14972ae679,Stage 4,hsa-let-7d,598.465231
TCGA-B0-4712,bf5d4f20-b5b1-45e6-82ee-0e14972ae679,Stage 4,hsa-let-7e,1905.425271
TCGA-B0-4712,bf5d4f20-b5b1-45e6-82ee-0e14972ae679,Stage 4,hsa-let-7f-1,12397.941586
TCGA-B0-4712,bf5d4f20-b5b1-45e6-82ee-0e14972ae679,Stage 4,hsa-let-7f-2,12386.460238
TCGA-B0-4712,bf5d4f20-b5b1-45e6-82ee-0e14972ae679,Stage 4,hsa-let-7g,1182.578778
TCGA-B0-4712,bf5d4f20-b5b1-45e6-82ee-0e14972ae679,Stage 4,hsa-let-7i,768.293494
TCGA-B0-4712,b5e5b175-539b-49d8-9538-f63891f22f02,Stage 4,hsa-let-7a-1,10801.002947
TCGA-B0-4712,b5e5b175-539b-49d8-9538-f63891f22f02,Stage 4,hsa-let-7a-2,10918.285103
TCGA-B0-4712,b5e5b175-539b-49d8-9538-f63891f22f02,Stage 4,hsa-let-7a-3,10808.102987
TCGA-B0-4712,b5e5b175-539b-49d8-9538-f63891f22f02,Stage 4,hsa-let-7b,8861.90289
TCGA-B0-4712,b5e5b175-539b-49d8-9538-f63891f22f02,Stage 4,hsa-let-7c,1935.418554
TCGA-B0-4712,b5e5b175-539b-49d8-9538-f63891f22f02,Stage 4,hsa-let-7d,495.951004
TCGA-B0-4712,b5e5b175-539b-49d8-9538-f63891f22f02,Stage 4,hsa-let-7e,2242.035135
TCGA-B0-4712,b5e5b175-539b-49d8-9538-f63891f22f02,Stage 4,hsa-let-7f-1,8477.185859
TCGA-B0-4712,b5e5b175-539b-49d8-9538-f63891f22f02,Stage 4,hsa-let-7f-2,8608.931063
TCGA-B0-4712,b5e5b175-539b-49d8-9538-f63891f22f02,Stage 4,hsa-let-7g,976.913034
TCGA-B0-4712,b5e5b175-539b-49d8-9538-f63891f22f02,Stage 4,hsa-let-7i,443.358109
TCGA-BP-4354,2c033562-4228-4e16-85d8-8ee3d4303eab,Stage 4,hsa-let-7a-1,4891.319682
TCGA-BP-4354,2c033562-4228-4e16-85d8-8ee3d4303eab,Stage 4,hsa-let-7a-2,4795.562331
TCGA-BP-4354,2c033562-4228-4e16-85d8-8ee3d4303eab,Stage 4,hsa-let-7a-3,4755.378442
TCGA-BP-4354,2c033562-4228-4e16-85d8-8ee3d4303eab,Stage 4,hsa-let-7b,13929.274647
TCGA-BP-4354,2c033562-4228-4e16-85d8-8ee3d4303eab,Stage 4,hsa-let-7c,978.947917
TCGA-BP-4354,2c033562-4228-4e16-85d8-8ee3d4303eab,Stage 4,hsa-let-7d,732.714729
TCGA-BP-4354,2c033562-4228-4e16-85d8-8ee3d4303eab,Stage 4,hsa-let-7e,536.07017
TCGA-BP-4354,2c033562-4228-4e16-85d8-8ee3d4303eab,Stage 4,hsa-let-7f-1,1410.710973
TCGA-BP-4354,2c033562-4228-4e16-85d8-8ee3d4303eab,Stage 4,hsa-let-7f-2,1416.695807
TCGA-BP-4354,2c033562-4228-4e16-85d8-8ee3d4303eab,Stage 4,hsa-let-7g,581.383916
TCGA-BP-4354,2c033562-4228-4e16-85d8-8ee3d4303eab,Stage 4,hsa-let-7i,560.009507
TCGA-BP-4771,2164812d-9725-4c7f-a153-2f0fb6477984,Stage 4,hsa-let-7a-1,14437.388127
TCGA-BP-4771,2164812d-9725-4c7f-a153-2f0fb6477984,Stage 4,hsa-let-7a-2,14333.42324
TCGA-BP-4771,2164812d-9725-4c7f-a153-2f0fb6477984,Stage 4,hsa-let-7a-3,14531.545006
TCGA-BP-4771,2164812d-9725-4c7f-a153-2f0fb6477984,Stage 4,hsa-let-7b,10356.7663
TCGA-BP-4771,2164812d-9725-4c7f-a153-2f0fb6477984,Stage 4,hsa-let-7c,2187.676238
TCGA-BP-4771,2164812d-9725-4c7f-a153-2f0fb6477984,Stage 4,hsa-let-7d,524.23804
TCGA-BP-4771,2164812d-9725-4c7f-a153-2f0fb6477984,Stage 4,hsa-let-7e,1384.400363
TCGA-BP-4771,2164812d-9725-4c7f-a153-2f0fb6477984,Stage 4,hsa-let-7f-1,13852.830836
TCGA-BP-4771,2164812d-9725-4c7f-a153-2f0fb6477984,Stage 4,hsa-let-7f-2,14244.170365
TCGA-BP-4771,2164812d-9725-4c7f-a153-2f0fb6477984,Stage 4,hsa-let-7g,1835.568742
TCGA-BP-4771,2164812d-9725-4c7f-a153-2f0fb6477984,Stage 4,hsa-let-7i,565.922075
TCGA-BP-5178,0c1df77d-ecb9-45b7-b680-981d68ef9c09,Stage 4,hsa-let-7a-1,6562.868781
TCGA-BP-5178,0c1df77d-ecb9-45b7-b680-981d68ef9c09,Stage 4,hsa-let-7a-2,6579.999239
TCGA-BP-5178,0c1df77d-ecb9-45b7-b680-981d68ef9c09,Stage 4,hsa-let-7a-3,6575.558009
TCGA-BP-5178,0c1df77d-ecb9-45b7-b680-981d68ef9c09,Stage 4,hsa-let-7b,21619.2724
TCGA-BP-5178,0c1df77d-ecb9-45b7-b680-981d68ef9c09,Stage 4,hsa-let-7c,1788.546703
TCGA-BP-5178,0c1df77d-ecb9-45b7-b680-981d68ef9c09,Stage 4,hsa-let-7d,423.185758
TCGA-BP-5178,0c1df77d-ecb9-45b7-b680-981d68ef9c09,Stage 4,hsa-let-7e,560.229421
TCGA-BP-5178,0c1df77d-ecb9-45b7-b680-981d68ef9c09,Stage 4,hsa-let-7f-1,1640.717195
TCGA-BP-5178,0c1df77d-ecb9-45b7-b680-981d68ef9c09,Stage 4,hsa-let-7f-2,1646.427348
TCGA-BP-5178,0c1df77d-ecb9-45b7-b680-981d68ef9c09,Stage 4,hsa-let-7g,650.322941
TCGA-BP-5178,0c1df77d-ecb9-45b7-b680-981d68ef9c09,Stage 4,hsa-let-7i,934.561651
TCGA-CJ-4871,0604e2f9-0054-41c2-8594-a59ebec039bd,Stage 4,hsa-let-7a-1,4982.360508
TCGA-CJ-4871,0604e2f9-0054-41c2-8594-a59ebec039bd,Stage 4,hsa-let-7a-2,4968.096081
TCGA-CJ-4871,0604e2f9-0054-41c2-8594-a59ebec039bd,Stage 4,hsa-let-7a-3,4953.32221
TCGA-CJ-4871,0604e2f9-0054-41c2-8594-a59ebec039bd,Stage 4,hsa-let-7b,18983.914312
TCGA-CJ-4871,0604e2f9-0054-41c2-8594-a59ebec039bd,Stage 4,hsa-let-7c,1562.973624
TCGA-CJ-4871,0604e2f9-0054-41c2-8594-a59ebec039bd,Stage 4,hsa-let-7d,704.051352
TCGA-CJ-4871,0604e2f9-0054-41c2-8594-a59ebec039bd,Stage 4,hsa-let-7e,772.826267
TCGA-CJ-4871,0604e2f9-0054-41c2-8594-a59ebec039bd,Stage 4,hsa-let-7f-1,1042.322045
TCGA-CJ-4871,0604e2f9-0054-41c2-8594-a59ebec039bd,Stage 4,hsa-let-7f-2,1063.209241
TCGA-CJ-4871,0604e2f9-0054-41c2-8594-a59ebec039bd,Stage 4,hsa-let-7g,430.480023
TCGA-CJ-4871,0604e2f9-0054-41c2-8594-a59ebec039bd,Stage 4,hsa-let-7i,486.009399
TCGA-CJ-4904,47d8f933-f832-4df4-8106-b1065d163cc5,Stage 4,hsa-let-7a-1,9906.462082
TCGA-CJ-4904,47d8f933-f832-4df4-8106-b1065d163cc5,Stage 4,hsa-let-7a-2,9828.277709
TCGA-CJ-4904,47d8f933-f832-4df4-8106-b1065d163cc5,Stage 4,hsa-let-7a-3,10052.788797
TCGA-CJ-4904,47d8f933-f832-4df4-8106-b1065d163cc5,Stage 4,hsa-let-7b,22665.577824
TCGA-CJ-4904,47d8f933-f832-4df4-8106-b1065d163cc5,Stage 4,hsa-let-7c,3527.621499
TCGA-CJ-4904,47d8f933-f832-4df4-8106-b1065d163cc5,Stage 4,hsa-let-7d,514.654011
TCGA-CJ-4904,47d8f933-f832-4df4-8106-b1065d163cc5,Stage 4,hsa-let-7e,1256.329617
TCGA-CJ-4904,47d8f933-f832-4df4-8106-b1065d163cc5,Stage 4,hsa-let-7f-1,3717.344127
TCGA-CJ-4904,47d8f933-f832-4df4-8106-b1065d163cc5,Stage 4,hsa-let-7f-2,3779.389524
TCGA-CJ-4904,47d8f933-f832-4df4-8106-b1065d163cc5,Stage 4,hsa-let-7g,484.527922
TCGA-CJ-4904,47d8f933-f832-4df4-8106-b1065d163cc5,Stage 4,hsa-let-7i,483.451991
